{
    "x": "MISSING_VALUE",
    "xx": 4.71238898038469,
    "yy": 31.41592653589793,
    "test": {
        "config": {
            "x": 36.12831551628262
        }
    }
}